id,name,lastname,price,flycode,typePassenger,statusFlight
1,Lou,Gonzalez,10000.00,BA2491A,1,Aterrizado
2,Ulrike,Muanoz,25000.00,IB0800A,1,Aterrizado
3,Brade,Rojas,20000.00,MM0987B,1,En Horario
4,Kimbell,Daaz,50000.00,BA2491A,1,Aterrizado
5,Sheelagh,Parez,18000.00,IB0800A,1,Aterrizado
6,Gayle,Soto,30000.00,MM0987B,1,En Horario
7,Kimberlee,Contreras,33000.00,BA2491A,1,Aterrizado
8,Henrieta,Silva,30000.00,IB0800A,1,Aterrizado
9,Jeanine,Martanez,18000.00,MM0987B,1,En Horario
10,Aggie,Sepalveda,15000.00,BA2491A,1,Aterrizado
11,Brandea,Morales,15000.00,IB0800A,1,Aterrizado
12,Cordelie,Rodraguez,50000.00,IB0800A,1,Aterrizado
13,Shel,Lampez,50000.00,MM0987B,1,En Horario
14,Bronnie,Fuentes,20000.00,MM0987B,1,En Horario
15,Megen,Hernandez,10000.00,BA2491A,1,Aterrizado
16,Iver,Torres,12000.00,BA2491A,1,Aterrizado
17,Ernesta,Araya,37000.00,BA2491A,1,Aterrizado
18,Cirillo,Flores,50000.00,MM0987B,1,En Horario
19,Park,Espinoza,30000.00,MM0987B,1,En Horario
20,Bellanca,Valenzuela,15000.00,BA2491A,1,Aterrizado
21,Bobbye,Castillo,15000.00,BA2491A,1,Aterrizado
22,Eugene,Tapia,50000.00,BA2491A,1,Aterrizado
23,Johnny,Reyes,33000.00,MM0987B,1,En Horario
24,Reagen,Gutiarrez,42000.00,MM0987B,1,En Horario
25,Braden,Castro,25000.00,MM0987B,1,En Horario
26,Karim,Pizarro,25000.00,MM0987B,1,En Horario
27,Anthea,Gonzalez,42000.00,MM0987B,1,En Horario
28,Doro,Vasquez,33000.00,IB0800A,1,Aterrizado
29,Gaye,Sanchez,37000.00,IB0800A,1,Aterrizado
30,Toby,Fernandez,15000.00,IB0800A,1,Aterrizado
31,Franny,Ramarez,15000.00,IB0800A,1,Aterrizado
32,Katey,Carrasco,42000.00,MM0987B,1,En Horario
33,Earle,Gammez,10000.00,BA2491A,1,Aterrizado
34,Redd,Cortas,42000.00,BA2491A,1,Aterrizado
35,Jehanna,Herrera,50000.00,BA2491A,1,Aterrizado
36,Cristie,Naanez,10000.00,BA2491A,1,Aterrizado
37,Stefa,Jara,42000.00,BA2491A,1,Aterrizado
38,Roda,Vergara,25000.00,MM0987B,1,En Horario
39,Alfredo,Rivera,10000.00,MM0987B,1,En Horario
40,Sydney,Figueroa,10000.00,MM0987B,1,En Horario
41,Brnaba,Riquelme,30000.00,MM0987B,1,En Horario
42,Ame,Garcaa,50000.00,BA2491A,2,Aterrizado
43,Bradney,Miranda,25000.00,BA2491A,2,Aterrizado
44,Margarete,Bravo,50000.00,BA2491A,2,Aterrizado
45,Nikoletta,Vera,50000.00,MM0987B,1,En Horario
46,Lonnard,Molina,50000.00,IB0800A,1,Aterrizado
47,Raine,Vega,30000.00,IB0800A,1,Aterrizado
48,Noella,Campos,15000.00,IB0800A,1,Aterrizado
49,Dagmar,Sandoval,25000.00,IB0800A,1,Aterrizado
50,Carroll,Orellana,42000.00,IB0800A,1,Aterrizado
51,Marion,Cardenas,50000.00,IB0800A,1,Aterrizado
52,Carline,Olivares,12000.00,IB0800A,1,Aterrizado
53,Hyacinthie,Alarcamn,15000.00,MM0987B,1,En Horario
54,Julina,Gallardo,33000.00,MM0987B,1,En Horario
55,Corina,Ortiz,37000.00,MM0987B,1,En Horario
56,Bernardine,Garrido,33000.00,MM0987B,1,En Horario
57,Homer,Salazar,18000.00,MM0987B,1,En Horario
58,Lianna,Guzman,12000.00,MM0987B,1,En Horario
59,Celene,Henraquez,50000.00,MM0987B,1,En Horario
60,Kori,Saavedra,50000.00,MM0987B,1,En Horario
61,Deeyn,Navarro,20000.00,MM0987B,1,En Horario
62,Marysa,Aguilera,20000.00,MM0987B,1,En Horario
63,Loy,Parra,15000.00,MM0987B,1,En Horario
64,Gabbey,Romero,37000.00,MM0987B,1,En Horario
65,Star,Aravena,33000.00,MM0987B,1,En Horario
66,Dominica,Vargas,33000.00,IB0800A,1,Aterrizado
67,Blanch,Vazquez,15000.00,IB0800A,1,Aterrizado
68,Cristobal,Caceres,15000.00,IB0800A,1,Aterrizado
69,Paulita,Yaanez,50000.00,IB0800A,1,Aterrizado
70,Sayre,Leiva,33000.00,IB0800A,1,Aterrizado
71,Shaughn,Escobar,15000.00,IB0800A,1,Aterrizado
72,Katrine,Ruiz,25000.00,IB0800A,1,Aterrizado
73,Cristi,Valdas,42000.00,IB0800A,1,Aterrizado
74,Cristie,Vidal,25000.00,IB0800A,2,Aterrizado
75,Solomon,Salinas,10000.00,IB0800A,2,Aterrizado
76,Nananne,Zaaniga,33000.00,IB0800A,2,Aterrizado
77,Sacha,Peana,25000.00,IB0800A,2,Aterrizado
78,Morse,Godoy,25000.00,IB0800A,2,Aterrizado
79,Roland,Lagos,25000.00,IB0800A,2,Aterrizado
80,Jesselyn,Maldonado,30000.00,IB0800A,2,Aterrizado
81,Kylila,Bustos,12000.00,IB0800A,2,Aterrizado
82,Kendre,Medina,25000.00,IB0800A,2,Aterrizado
83,Lesya,Pino,15000.00,IB0800A,2,Aterrizado
84,Tatiania,Palma,20000.00,IB0800A,2,Aterrizado
85,Trenton,Moreno,12000.00,IB0800A,2,Aterrizado
86,Angie,Sanhueza,20000.00,MM0987B,1,En Horario
87,Joelle,Carvajal,37000.00,MM0987B,1,En Horario
88,George,Navarrete,30000.00,MM0987B,2,En Horario
89,Guenevere,Saez,30000.00,MM0987B,2,En Horario
90,Margaretha,Alvarado,10000.00,MM0987B,2,En Horario
91,Sully,Donoso,15000.00,MM0987B,2,En Horario
92,Lonni,Poblete,50000.00,MM0987B,2,En Horario
93,Nicky,Bustamante,42000.00,MM0987B,2,En Horario
94,My,Toro,18000.00,MM0987B,2,En Horario
95,Kyrstin,Ortega,37000.00,IB0800A,2,Aterrizado
96,Martino,Venegas,15000.00,IB0800A,2,Aterrizado
97,Marcellus,Guerrero,50000.00,IB0800A,2,Aterrizado
98,Jacquelin,Mendoza,30000.00,IB0800A,2,Aterrizado
99,Aleda,Faraas,50000.00,IB0800A,2,Aterrizado
100,Georgeta,San Martan,10000.00,IB0800A,2,Aterrizado
101,Marcille,Gonzalez,10000.00,IB0800A,2,Aterrizado
102,Ertha,Fernandez,10000.00,IB0800A,2,Aterrizado
103,Desiri,Rodraguez,25000.00,MM0987B,2,En Horario
104,Geneva,Lampez,33000.00,MM0987B,2,En Horario
105,Kilian,Martanez,42000.00,MM0987B,2,En Horario
106,Nance,Sanchez,10000.00,MM0987B,2,En Horario
107,Gaven,Parez,10000.00,MM0987B,2,En Horario
108,Carlie,Gammez,10000.00,MM0987B,2,En Horario
109,Trixie,Martan,42000.00,IB0800A,2,Aterrizado
110,Dominick,Jimanez,30000.00,IB0800A,2,Aterrizado
111,Petey,Ruiz,15000.00,IB0800A,2,Aterrizado
112,Tersina,Hernandez,30000.00,IB0800A,2,Aterrizado
113,Johnathon,Daaz,15000.00,IB0800A,2,Aterrizado
114,Freddie,Moreno,12000.00,IB0800A,2,Aterrizado
115,Harmon,Gonzalez,50000.00,IB0800A,2,Aterrizado
116,Tracey,Muanoz,20000.00,IB0800A,2,Aterrizado
117,Cherrita,Romero,33000.00,MM0987B,2,En Horario
118,Stu,Alonso,12000.00,MM0987B,2,En Horario
119,Glenda,Gutiarrez,37000.00,MM0987B,2,En Horario
120,Lorettalorna,Navarro,25000.00,MM0987B,2,En Horario
121,Patrizio,Torres,15000.00,IB0800A,2,Aterrizado
122,Linda,Domanguez,30000.00,IB0800A,2,Aterrizado
123,Pippa,Vazquez,20000.00,IB0800A,2,Aterrizado
124,Pen,Ramos,18000.00,IB0800A,3,Aterrizado
125,Esteban,Gonzalez,15000.00,IB0800A,3,Aterrizado
126,Fonzie,Muanoz,15000.00,IB0800A,3,Aterrizado
127,Cindelyn,Rojas,12000.00,IB0800A,3,Aterrizado
128,Zacharie,Daaz,30000.00,BA2491A,2,Aterrizado
129,Vina,Parez,42000.00,BA2491A,2,Aterrizado
130,Omero,Soto,10000.00,BA2491A,2,Aterrizado
131,Tom,Contreras,33000.00,BA2491A,2,Aterrizado
132,Dante,Silva,30000.00,BA2491A,2,Aterrizado
133,Cordy,Martanez,18000.00,BA2491A,2,Aterrizado
134,Stephenie,Sepalveda,50000.00,BA2491A,2,Aterrizado
135,Dunstan,Morales,20000.00,BA2491A,2,Aterrizado
136,Gideon,Rodraguez,15000.00,BA2491A,2,Aterrizado
137,Johnette,Lampez,10000.00,BA2491A,2,Aterrizado
138,Brynn,Fuentes,50000.00,BA2491A,2,Aterrizado
139,Yankee,Hernandez,42000.00,BA2491A,2,Aterrizado
140,Corbin,Torres,42000.00,BA2491A,2,Aterrizado
141,Coreen,Araya,18000.00,IB0800A,3,Aterrizado
142,Tanya,Flores,30000.00,IB0800A,3,Aterrizado
143,Jenna,Espinoza,25000.00,IB0800A,3,Aterrizado
144,Flora,Valenzuela,33000.00,IB0800A,3,Aterrizado
145,Dianna,Castillo,20000.00,IB0800A,3,Aterrizado
146,Armand,Tapia,15000.00,IB0800A,3,Aterrizado
147,Gustie,Reyes,42000.00,IB0800A,3,Aterrizado
148,Benton,Gutiarrez,12000.00,IB0800A,3,Aterrizado
149,Lena,Castro,25000.00,IB0800A,3,Aterrizado
150,Dot,Pizarro,18000.00,IB0800A,3,Aterrizado
151,Meryl,Gonzalez,12000.00,IB0800A,3,Aterrizado
152,Babbie,Vasquez,15000.00,IB0800A,3,Aterrizado
153,Byram,Sanchez,42000.00,IB0800A,3,Aterrizado
154,Bertine,Fernandez,25000.00,IB0800A,3,Aterrizado
155,Osbert,Ramarez,42000.00,IB0800A,3,Aterrizado
156,Tanny,Carrasco,42000.00,IB0800A,3,Aterrizado
157,Maryjo,Gammez,12000.00,IB0800A,3,Aterrizado
158,Clarie,Cortas,42000.00,IB0800A,3,Aterrizado
159,Kipp,Herrera,15000.00,IB0800A,3,Aterrizado
160,Leonie,Naanez,50000.00,IB0800A,3,Aterrizado
161,Ferdie,Jara,15000.00,IB0800A,3,Aterrizado
162,Ofella,Vergara,50000.00,IB0800A,3,Aterrizado
163,Pascale,Rivera,15000.00,IB0800A,3,Aterrizado
164,Cathrin,Figueroa,30000.00,IB0800A,3,Aterrizado
165,Sib,Riquelme,33000.00,IB0800A,3,Aterrizado
166,Darleen,Garcaa,42000.00,IB0800A,3,Aterrizado
167,Didi,Miranda,15000.00,IB0800A,3,Aterrizado
168,Lodovico,Bravo,18000.00,IB0800A,3,Aterrizado
169,Farley,Vera,12000.00,IB0800A,3,Aterrizado
170,Devi,Molina,25000.00,IB0800A,3,Aterrizado
171,Clair,Vega,37000.00,IB0800A,3,Aterrizado
172,Addy,Campos,33000.00,IB0800A,3,Aterrizado
173,Brandon,Sandoval,18000.00,IB0800A,3,Aterrizado
174,Prentiss,Orellana,30000.00,IB0800A,3,Aterrizado
175,Lorant,Cardenas,50000.00,MM0987B,2,En Horario
176,Wanids,Olivares,30000.00,MM0987B,2,En Horario
177,Robbi,Alarcamn,10000.00,MM0987B,2,En Horario
178,Mellicent,Gallardo,50000.00,MM0987B,2,En Horario
179,Lynea,Ortiz,20000.00,MM0987B,2,En Horario
180,Nial,Garrido,15000.00,MM0987B,2,En Horario
181,Guillaume,Salazar,37000.00,MM0987B,2,En Horario
182,Loutitia,Guzman,25000.00,MM0987B,2,En Horario
183,Ruthe,Henraquez,30000.00,MM0987B,2,En Horario
184,Eric,Saavedra,50000.00,MM0987B,2,En Horario
185,Marcellus,Navarro,30000.00,MM0987B,2,En Horario
186,Ian,Aguilera,42000.00,MM0987B,2,En Horario
187,Sebastien,Parra,37000.00,MM0987B,2,En Horario
188,Scarface,Romero,50000.00,MM0987B,2,En Horario
189,Maible,Aravena,18000.00,MM0987B,2,En Horario
190,Waldon,Vargas,30000.00,MM0987B,2,En Horario
191,Bethina,Vazquez,15000.00,MM0987B,2,En Horario
192,Farand,Caceres,42000.00,MM0987B,2,En Horario
193,Zolly,Yaanez,25000.00,MM0987B,2,En Horario
194,Philipa,Leiva,42000.00,TU6789B,1,Aterrizado
195,Roderigo,Escobar,20000.00,BA2491A,2,Aterrizado
196,Otho,Ruiz,20000.00,BA2491A,2,Aterrizado
197,Alasteir,Valdas,20000.00,BA2491A,2,Aterrizado
198,Eleonora,Vidal,42000.00,BA2491A,3,Aterrizado
199,Eliot,Salinas,12000.00,BA2491A,3,Aterrizado
200,Alana,Zaaniga,30000.00,BA2491A,3,Aterrizado
201,Odey,Peana,20000.00,BA2491A,3,Aterrizado
202,Yorke,Godoy,15000.00,BA2491A,3,Aterrizado
203,Cissiee,Lagos,18000.00,BA2491A,3,Aterrizado
204,Jillana,Maldonado,18000.00,BA2491A,3,Aterrizado
205,Mallorie,Bustos,30000.00,TU6789B,1,Aterrizado
206,Borden,Medina,12000.00,TU6789B,1,Aterrizado
207,Maddie,Pino,33000.00,TU6789B,1,Aterrizado
208,Weider,Palma,50000.00,TU6789B,1,Aterrizado
209,Asia,Moreno,37000.00,TU6789B,1,Aterrizado
210,Sayres,Sanhueza,10000.00,TU6789B,1,Aterrizado
211,Marcile,Carvajal,30000.00,TU6789B,1,Aterrizado
212,Thomasina,Navarrete,42000.00,TU6789B,1,Aterrizado
213,Darwin,Saez,18000.00,TU6789B,1,Aterrizado
214,Nicolina,Alvarado,30000.00,TU6789B,1,Aterrizado
215,Nita,Donoso,12000.00,TU6789B,1,Aterrizado
216,Nikoletta,Poblete,12000.00,TU6789B,1,Aterrizado
217,Dwight,Bustamante,42000.00,TU6789B,1,Aterrizado
218,Romola,Toro,50000.00,TU6789B,1,Aterrizado
219,Kaile,Ortega,33000.00,TU6789B,1,Aterrizado
220,Mozes,Venegas,25000.00,TU6789B,1,Aterrizado
221,Aylmer,Guerrero,33000.00,TU6789B,1,Aterrizado
222,Marina,Mendoza,12000.00,TU6789B,1,Aterrizado
223,Enrico,Faraas,50000.00,TU6789B,1,Aterrizado
224,Zonda,San Martan,33000.00,TU6789B,1,Aterrizado
225,Adriano,Gonzalez,33000.00,TU6789B,1,Aterrizado
226,Trula,Fernandez,30000.00,TU6789B,1,Aterrizado
227,Adel,Rodraguez,30000.00,TU6789B,1,Aterrizado
228,Jeniece,Lampez,15000.00,TU6789B,1,Aterrizado
229,Tabina,Martanez,10000.00,TU6789B,1,Aterrizado
230,Liana,Sanchez,33000.00,TU6789B,1,Aterrizado
231,Marmaduke,Parez,10000.00,BA2491A,3,Aterrizado
232,Alla,Gammez,30000.00,BA2491A,3,Aterrizado
233,Peter,Martan,12000.00,BA2491A,3,Aterrizado
234,Pietro,Jimanez,18000.00,BA2491A,3,Aterrizado
235,Hiram,Ruiz,20000.00,BA2491A,3,Aterrizado
236,Anastasia,Hernandez,18000.00,BA2491A,3,Aterrizado
237,Cathleen,Daaz,10000.00,TU6789B,1,Aterrizado
238,Leeanne,Moreno,15000.00,TU6789B,1,Aterrizado
239,Chet,Gonzalez,42000.00,TU6789B,1,Aterrizado
240,Billie,Muanoz,37000.00,TU6789B,1,Aterrizado
241,Alexandra,Romero,42000.00,TU6789B,1,Aterrizado
242,Broddie,Alonso,42000.00,TU6789B,2,Aterrizado
243,Brigham,Gutiarrez,25000.00,TU6789B,2,Aterrizado
244,Cal,Navarro,42000.00,TU6789B,2,Aterrizado
245,Donal,Torres,18000.00,TU6789B,2,Aterrizado
246,Adam,Domanguez,20000.00,TU6789B,2,Aterrizado
247,Dotty,Vazquez,42000.00,TU6789B,2,Aterrizado
248,Maynard,Ramos,18000.00,TU6789B,2,Aterrizado
249,Jessee,Gonzalez,30000.00,TU6789B,2,Aterrizado
250,Tiphani,Muanoz,42000.00,TU6789B,2,Aterrizado
251,Jenna,Rojas,30000.00,TU6789B,2,Aterrizado
252,Karlotte,Daaz,20000.00,BA2491A,3,Aterrizado
253,Norene,Parez,25000.00,BA2491A,3,Aterrizado
254,Morris,Soto,10000.00,BA2491A,3,Aterrizado
255,Yuri,Contreras,25000.00,BA2491A,3,Aterrizado
256,Gusty,Silva,10000.00,BA2491A,3,Aterrizado
257,Jori,Martanez,12000.00,BA2491A,3,Aterrizado
258,Sydelle,Sepalveda,30000.00,BA2491A,3,Aterrizado
259,Merrile,Morales,50000.00,BA2491A,3,Aterrizado
260,Tadd,Rodraguez,50000.00,TU6789B,2,Aterrizado
261,Josiah,Lampez,10000.00,TU6789B,2,Aterrizado
262,Melisa,Fuentes,12000.00,TU6789B,2,Aterrizado
263,Orelee,Hernandez,20000.00,TU6789B,2,Aterrizado
264,Stephen,Torres,37000.00,TU6789B,2,Aterrizado
265,Blair,Araya,50000.00,TU6789B,2,Aterrizado
266,Arel,Flores,30000.00,TU6789B,2,Aterrizado
267,Abbie,Espinoza,25000.00,TU6789B,2,Aterrizado
268,Channa,Valenzuela,50000.00,TU6789B,2,Aterrizado
269,Shirl,Castillo,20000.00,TU6789B,2,Aterrizado
270,Edlin,Tapia,20000.00,TU6789B,2,Aterrizado
271,Larina,Reyes,18000.00,TU6789B,2,Aterrizado
272,Duncan,Gutiarrez,37000.00,TU6789B,2,Aterrizado
273,Bond,Castro,10000.00,TU6789B,2,Aterrizado
274,Dyann,Pizarro,50000.00,TU6789B,2,Aterrizado
275,Charmian,Gonzalez,15000.00,TU6789B,2,Aterrizado
276,Dru,Vasquez,50000.00,TU6789B,2,Aterrizado
277,Kiel,Sanchez,50000.00,TU6789B,2,Aterrizado
278,Emory,Fernandez,15000.00,TU6789B,2,Aterrizado
279,Alberik,Ramarez,50000.00,TU6789B,2,Aterrizado
280,Koenraad,Carrasco,20000.00,TU6789B,2,Aterrizado
281,Rafaellle,Gammez,50000.00,TU6789B,2,Aterrizado
282,Edie,Cortas,25000.00,TU6789B,2,Aterrizado
283,Osbert,Herrera,15000.00,TU6789B,2,Aterrizado
284,Sidonia,Naanez,10000.00,TU6789B,2,Aterrizado
285,Bartel,Jara,37000.00,TU6789B,2,Aterrizado
286,Jodi,Vergara,30000.00,BA2491A,3,Aterrizado
287,Ofelia,Rivera,30000.00,BA2491A,3,Aterrizado
288,Dudley,Figueroa,42000.00,BA2491A,3,Aterrizado
289,Dulcea,Riquelme,25000.00,BA2491A,3,Aterrizado
290,Gordon,Garcaa,25000.00,BA2491A,3,Aterrizado
291,Chalmers,Miranda,10000.00,BA2491A,3,Aterrizado
292,Christiano,Bravo,50000.00,BA2491A,3,Aterrizado
293,Russell,Vera,50000.00,BA2491A,3,Aterrizado
294,Cleo,Molina,50000.00,BA2491A,3,Aterrizado
295,Catriona,Vega,42000.00,TU6789B,2,Aterrizado
296,Leigh,Campos,37000.00,TU6789B,2,Aterrizado
297,Ddene,Sandoval,12000.00,TU6789B,2,Aterrizado
298,Sayre,Orellana,18000.00,TU6789B,3,Aterrizado
299,Jody,Cardenas,33000.00,TU6789B,3,Aterrizado
300,Zabrina,Olivares,12000.00,TU6789B,3,Aterrizado
301,Cos,Alarcamn,30000.00,TU6789B,3,Aterrizado
302,Ron,Gallardo,20000.00,TU6789B,3,Aterrizado
303,Charin,Ortiz,12000.00,TU6789B,3,Aterrizado
304,Coleman,Garrido,33000.00,TU6789B,3,Aterrizado
305,Jacinda,Salazar,50000.00,TU6789B,3,Aterrizado
306,Silvan,Guzman,12000.00,TU6789B,3,Aterrizado
307,Renie,Henraquez,33000.00,TU6789B,3,Aterrizado
308,Davide,Saavedra,42000.00,TU6789B,3,Aterrizado
309,Ernestus,Navarro,12000.00,TU6789B,3,Aterrizado
310,Brnaba,Aguilera,37000.00,TU6789B,3,Aterrizado
311,Tabor,Parra,37000.00,TU6789B,3,Aterrizado
312,Lenci,Romero,42000.00,TU6789B,3,Aterrizado
313,Franchot,Aravena,12000.00,TU6789B,3,Aterrizado
314,Charisse,Vargas,50000.00,TU6789B,3,Aterrizado
315,Timothea,Vazquez,20000.00,TU6789B,3,Aterrizado
316,Angelika,Caceres,50000.00,BA2491A,3,Aterrizado
317,Web,Yaanez,37000.00,BA2491A,3,Aterrizado
318,Urban,Leiva,10000.00,BA2491A,3,Aterrizado
319,Fan,Escobar,18000.00,BA2491A,3,Aterrizado
320,Donaugh,Ruiz,12000.00,BA2491A,3,Aterrizado
321,Wilona,Valdas,25000.00,BA2491A,3,Aterrizado
322,Richard,Vidal,42000.00,BA2491A,3,Aterrizado
323,Hilary,Salinas,37000.00,BA2491A,3,Aterrizado
324,Ad,Zaaniga,33000.00,BA2491A,3,Aterrizado
325,Maynord,Peana,42000.00,BA2491A,3,Aterrizado
326,Lina,Godoy,12000.00,TU6789B,3,Aterrizado
327,Nerty,Lagos,20000.00,TU6789B,3,Aterrizado
328,Matias,Maldonado,33000.00,TU6789B,3,Aterrizado
329,Urbano,Bustos,50000.00,TU6789B,3,Aterrizado
330,Rosemarie,Medina,33000.00,TU6789B,3,Aterrizado
331,Booth,Pino,15000.00,TU6789B,3,Aterrizado
332,Eden,Palma,18000.00,TU6789B,3,Aterrizado
333,Cornie,Moreno,15000.00,TU6789B,3,Aterrizado
334,Isak,Sanhueza,20000.00,TU6789B,3,Aterrizado
335,Rand,Carvajal,20000.00,TU6789B,3,Aterrizado
336,Dominique,Navarrete,37000.00,TU6789B,3,Aterrizado
337,Lira,Saez,30000.00,TU6789B,3,Aterrizado
338,Filbert,Alvarado,20000.00,TU6789B,3,Aterrizado
339,Nona,Donoso,30000.00,TU6789B,3,Aterrizado
340,Melloney,Poblete,33000.00,TU6789B,3,Aterrizado
341,Rafaello,Bustamante,37000.00,TU6789B,3,Aterrizado
342,Floria,Toro,12000.00,TU6789B,3,Aterrizado
343,Johannes,Ortega,18000.00,TU6789B,3,Aterrizado
344,Genevra,Venegas,10000.00,TU6789B,3,Aterrizado
345,Aldric,Guerrero,50000.00,TU6789B,3,Aterrizado
346,Janeta,Mendoza,10000.00,TU6789B,3,Aterrizado
347,Tarra,Faraas,12000.00,TU6789B,3,Aterrizado
348,Jefferey,San Martan,33000.00,TU6789B,3,Aterrizado
349,Cassie,Gonzalez,50000.00,TU6789B,3,Aterrizado
350,Maiga,Fernandez,20000.00,TU6789B,3,Aterrizado
351,Heddi,Rodraguez,20000.00,TU6789B,3,Aterrizado
352,Marieann,Lampez,50000.00,TU6789B,3,Aterrizado
353,Carita,Martanez,42000.00,TU6789B,3,Aterrizado
354,Kurtis,Sanchez,50000.00,TU6789B,3,Aterrizado
355,Wilfred,Parez,20000.00,TU6789B,3,Aterrizado
356,Isabelle,Gammez,20000.00,TU6789B,3,Aterrizado
357,Nisse,Martan,37000.00,TU6789B,3,Aterrizado
358,Ula,Jimanez,50000.00,TU6789B,3,Aterrizado
359,Tully,Ruiz,18000.00,TU6789B,3,Aterrizado
360,Honor,Hernandez,30000.00,TU6789B,3,Aterrizado
361,Sinclair,Daaz,50000.00,TU6789B,3,Aterrizado
362,Buddy,Moreno,50000.00,TU6789B,3,Aterrizado
363,Neilla,Gonzalez,50000.00,TU6789B,3,Aterrizado
364,Junie,Muanoz,20000.00,TU6789B,3,Aterrizado
365,Neely,Romero,20000.00,TU6789B,3,Aterrizado
366,Klarrisa,Alonso,18000.00,TU6789B,3,Aterrizado
367,Maryellen,Gutiarrez,37000.00,TU6789B,3,Aterrizado
368,Clywd,Navarro,33000.00,TU6789B,3,Aterrizado
369,Deni,Torres,42000.00,TU6789B,3,Aterrizado
370,Ingrim,Domanguez,30000.00,TU6789B,3,Aterrizado
371,Franni,Vazquez,42000.00,TU6789B,3,Aterrizado
372,Andy,Ramos,37000.00,TU6789B,3,Aterrizado
373,Veronica,Gonzalez,42000.00,TU6789B,3,Aterrizado
374,Dalis,Muanoz,42000.00,TU6789B,3,Aterrizado
375,Nanni,Rojas,25000.00,BA2491A,3,Aterrizado
376,Vikky,Daaz,15000.00,BA2491A,3,Aterrizado
377,Hussein,Parez,25000.00,BA2491A,3,Aterrizado
378,Brigg,Soto,10000.00,BA2491A,3,Aterrizado
379,Crawford,Contreras,12000.00,BA2491A,3,Aterrizado
380,Fran,Silva,30000.00,BA2491A,3,Aterrizado
381,Silas,Martanez,15000.00,BA2491A,3,Aterrizado
382,Alister,Sepalveda,33000.00,BA2491A,3,Aterrizado
383,George,Morales,15000.00,TU6789B,3,Aterrizado
384,Nonnah,Rodraguez,25000.00,TU6789B,3,Aterrizado
385,Gayel,Lampez,20000.00,TU6789B,3,Aterrizado
386,Demeter,Fuentes,10000.00,TU6789B,3,Aterrizado
387,Juliann,Hernandez,50000.00,TU6789B,3,Aterrizado
388,Shauna,Torres,25000.00,TU6789B,3,Aterrizado
389,Annamaria,Araya,42000.00,TU6789B,3,Aterrizado
390,Ag,Flores,50000.00,TU6789B,3,Aterrizado
391,Sherwin,Espinoza,50000.00,MM0987B,2,En Horario
392,Vikki,Valenzuela,33000.00,MM0987B,2,En Horario
393,Barret,Castillo,10000.00,MM0987B,2,En Horario
394,Gaelan,Tapia,25000.00,MM0987B,2,En Horario
395,Livy,Reyes,20000.00,MM0987B,2,En Horario
396,Iorgos,Gutiarrez,18000.00,MM0987B,2,En Horario
397,Charil,Castro,33000.00,MM0987B,2,En Horario
398,Easter,Pizarro,30000.00,MM0987B,2,En Horario
399,Esdras,Gonzalez,37000.00,MM0987B,2,En Horario
400,Prince,Vasquez,25000.00,MM0987B,3,En Horario
401,Vail,Sanchez,33000.00,MM0987B,3,En Horario
402,Rachel,Fernandez,12000.00,MM0987B,3,En Horario
403,Bar,Ramarez,20000.00,TU6789B,3,Aterrizado
404,Willa,Carrasco,30000.00,TU6789B,3,Aterrizado
405,Amerigo,Gammez,33000.00,TU6789B,3,Aterrizado
406,Fredric,Cortas,50000.00,TU6789B,3,Aterrizado
407,Mikael,Herrera,50000.00,TU6789B,3,Aterrizado
408,Benson,Naanez,20000.00,TU6789B,3,Aterrizado
409,Sileas,Jara,20000.00,TU6789B,3,Aterrizado
410,Fidelia,Vergara,12000.00,TU6789B,3,Aterrizado
411,Frayda,Rivera,30000.00,TU6789B,3,Aterrizado
412,Babita,Figueroa,30000.00,TU6789B,3,Aterrizado
413,Clair,Riquelme,42000.00,TU6789B,3,Aterrizado
414,Morie,Garcaa,12000.00,TU6789B,3,Aterrizado
415,Skylar,Miranda,20000.00,TU6789B,3,Aterrizado
416,Dennie,Bravo,42000.00,TU6789B,3,Aterrizado
417,Sibley,Vera,20000.00,TU6789B,3,Aterrizado
418,Addia,Molina,20000.00,TU6789B,3,Aterrizado
419,Ed,Vega,18000.00,TU6789B,3,Aterrizado
420,Lothaire,Campos,12000.00,TU6789B,3,Aterrizado
421,Neila,Sandoval,15000.00,TU6789B,3,Aterrizado
422,Jennifer,Orellana,15000.00,GU2345F,1,En Vuelo
423,Keelby,Cardenas,15000.00,GU2345F,1,En Vuelo
424,Chuck,Olivares,33000.00,GU2345F,1,En Vuelo
425,Jordan,Alarcamn,33000.00,GU2345F,1,En Vuelo
426,Minnnie,Gallardo,20000.00,GU2345F,1,En Vuelo
427,Carine,Ortiz,33000.00,GU2345F,1,En Vuelo
428,Kelly,Garrido,37000.00,GU2345F,1,En Vuelo
429,Coleman,Salazar,25000.00,GU2345F,1,En Vuelo
430,Pincus,Guzman,42000.00,GU2345F,1,En Vuelo
431,Smitty,Henraquez,15000.00,GU2345F,1,En Vuelo
432,Wade,Saavedra,12000.00,GU2345F,1,En Vuelo
433,Emmit,Navarro,12000.00,GU2345F,1,En Vuelo
434,Brietta,Aguilera,42000.00,GU2345F,1,En Vuelo
435,Wesley,Parra,10000.00,GU2345F,1,En Vuelo
436,Felicdad,Romero,18000.00,GU2345F,1,En Vuelo
437,Any,Aravena,18000.00,GU2345F,1,En Vuelo
438,Gardie,Vargas,12000.00,GU2345F,1,En Vuelo
439,Leelah,Vazquez,25000.00,GU2345F,1,En Vuelo
440,Garold,Caceres,20000.00,GU2345F,1,En Vuelo
441,Regine,Yaanez,10000.00,GU2345F,1,En Vuelo
442,Tam,Leiva,20000.00,GU2345F,2,En Vuelo
443,Davon,Escobar,20000.00,GU2345F,2,En Vuelo
444,Chrissy,Ruiz,18000.00,GU2345F,2,En Vuelo
445,Ozzie,Valdas,20000.00,GU2345F,2,En Vuelo
446,Rina,Vidal,20000.00,GU2345F,2,En Vuelo
447,Guy,Salinas,42000.00,GU2345F,2,En Vuelo
448,Lenora,Zaaniga,18000.00,GU2345F,2,En Vuelo
449,Julietta,Peana,42000.00,GU2345F,2,En Vuelo
450,Alexandr,Godoy,18000.00,GU2345F,2,En Vuelo
451,Margalit,Lagos,15000.00,GU2345F,2,En Vuelo
452,Samara,Maldonado,50000.00,GU2345F,2,En Vuelo
453,Portie,Bustos,15000.00,GU2345F,2,En Vuelo
454,Korella,Medina,33000.00,GU2345F,2,En Vuelo
455,Hilly,Pino,30000.00,GU2345F,2,En Vuelo
456,Leeanne,Palma,10000.00,GU2345F,2,En Vuelo
457,Arnaldo,Moreno,10000.00,GU2345F,2,En Vuelo
458,Kassi,Sanhueza,37000.00,GU2345F,2,En Vuelo
459,Karen,Carvajal,20000.00,GU2345F,2,En Vuelo
460,Mac,Navarrete,20000.00,GU2345F,2,En Vuelo
461,Anthia,Saez,37000.00,GU2345F,2,En Vuelo
462,Marsiella,Alvarado,20000.00,GU2345F,2,En Vuelo
463,Shea,Donoso,12000.00,GU2345F,2,En Vuelo
464,Liana,Poblete,15000.00,GU2345F,2,En Vuelo
465,Carley,Bustamante,12000.00,GU2345F,2,En Vuelo
466,Carlye,Toro,37000.00,GU2345F,2,En Vuelo
467,Svend,Ortega,25000.00,GU2345F,2,En Vuelo
468,Kendell,Venegas,25000.00,GU2345F,2,En Vuelo
469,Chrisy,Guerrero,15000.00,GU2345F,2,En Vuelo
470,Rod,Mendoza,50000.00,GU2345F,2,En Vuelo
471,Ramsay,Faraas,20000.00,GU2345F,2,En Vuelo
472,Saidee,San Martan,50000.00,GU2345F,2,En Vuelo
473,Erek,Gonzalez,10000.00,GU2345F,2,En Vuelo
474,Salomi,Fernandez,10000.00,GU2345F,2,En Vuelo
475,Coletta,Rodraguez,50000.00,GU2345F,2,En Vuelo
476,Abigael,Lampez,12000.00,GU2345F,2,En Vuelo
477,Mariele,Martanez,33000.00,GU2345F,3,En Vuelo
478,Brooke,Sanchez,20000.00,GU2345F,3,En Vuelo
479,Benita,Parez,25000.00,GU2345F,3,En Vuelo
480,Marissa,Gammez,37000.00,GU2345F,3,En Vuelo
481,Lionello,Martan,37000.00,GU2345F,3,En Vuelo
482,Tori,Jimanez,42000.00,GU2345F,3,En Vuelo
483,Micheil,Ruiz,37000.00,GU2345F,3,En Vuelo
484,Kym,Hernandez,20000.00,GU2345F,3,En Vuelo
485,Melisse,Daaz,10000.00,GU2345F,3,En Vuelo
486,Bartholomew,Moreno,33000.00,GU2345F,3,En Vuelo
487,Rorie,Gonzalez,25000.00,GU2345F,3,En Vuelo
488,Hedvige,Muanoz,37000.00,GU2345F,3,En Vuelo
489,Dorothea,Romero,15000.00,GU2345F,3,En Vuelo
490,Tamarah,Alonso,50000.00,GU2345F,3,En Vuelo
491,Skipton,Gutiarrez,10000.00,GU2345F,3,En Vuelo
492,Minny,Navarro,33000.00,GU2345F,3,En Vuelo
493,Joshia,Torres,33000.00,GU2345F,3,En Vuelo
494,Mirilla,Domanguez,30000.00,GU2345F,3,En Vuelo
495,Willey,Vazquez,15000.00,GU2345F,3,En Vuelo
496,Conrado,Ramos,50000.00,GU2345F,3,En Vuelo
497,Fredia,Gonzalez,30000.00,GU2345F,3,En Vuelo
498,Gretchen,Muanoz,12000.00,GU2345F,3,En Vuelo
499,Bibbie,Rojas,37000.00,GU2345F,3,En Vuelo
500,Warren,Daaz,25000.00,GU2345F,3,En Vuelo
501,Gabi,Parez,30000.00,GU2345F,3,En Vuelo
502,Callie,Soto,50000.00,GU2345F,3,En Vuelo
503,Patton,Contreras,15000.00,GU2345F,3,En Vuelo
504,Karie,Silva,25000.00,GU2345F,3,En Vuelo
505,Martguerita,Martanez,50000.00,GU2345F,3,En Vuelo
506,Lothaire,Sepalveda,20000.00,GU2345F,3,En Vuelo
507,Patrice,Morales,37000.00,GU2345F,3,En Vuelo
508,Lin,Rodraguez,12000.00,MM0987B,3,En Horario
509,Cornie,Lampez,42000.00,MM0987B,3,En Horario
510,Irena,Fuentes,20000.00,MM0987B,3,En Horario
511,Markos,Hernandez,20000.00,MM0987B,3,En Horario
512,Bird,Torres,18000.00,MM0987B,3,En Horario
513,Lorna,Araya,42000.00,MM0987B,3,En Horario
514,Vincents,Flores,25000.00,MM0987B,3,En Horario
515,Torrey,Espinoza,42000.00,GU2345F,3,En Vuelo
516,Pernell,Valenzuela,50000.00,GU2345F,3,En Vuelo
517,Danya,Castillo,25000.00,GU2345F,3,En Vuelo
518,Erda,Tapia,37000.00,GU2345F,3,En Vuelo
519,Ethe,Reyes,20000.00,GU2345F,3,En Vuelo
520,Coop,Gutiarrez,37000.00,GU2345F,3,En Vuelo
521,Sheridan,Castro,50000.00,GU2345F,3,En Vuelo
522,Charles,Pizarro,42000.00,GU2345F,3,En Vuelo
523,Eddy,Gonzalez,12000.00,GU2345F,3,En Vuelo
524,Janey,Vasquez,42000.00,GU2345F,3,En Vuelo
525,Edan,Sanchez,20000.00,GU2345F,3,En Vuelo
526,Homer,Fernandez,10000.00,GU2345F,3,En Vuelo
527,Eveline,Ramarez,37000.00,GU2345F,3,En Vuelo
528,Helenelizabeth,Carrasco,20000.00,GU2345F,3,En Vuelo
529,Daveta,Gammez,20000.00,GU2345F,3,En Vuelo
530,Mort,Cortas,42000.00,GU2345F,3,En Vuelo
531,Maxi,Herrera,37000.00,GU2345F,3,En Vuelo
532,Nathalie,Naanez,37000.00,GU2345F,3,En Vuelo
533,Dennison,Jara,25000.00,GU2345F,3,En Vuelo
534,Bunnie,Vergara,33000.00,GU2345F,3,En Vuelo
535,Frans,Rivera,33000.00,BA2491A,3,Aterrizado
536,Delmar,Figueroa,42000.00,BA2491A,3,Aterrizado
537,Ced,Riquelme,20000.00,BA2491A,3,Aterrizado
538,Caren,Garcaa,12000.00,BA2491A,3,Aterrizado
539,Christie,Miranda,18000.00,BA2491A,3,Aterrizado
540,Saunders,Bravo,25000.00,BA2491A,3,Aterrizado
541,Deny,Vera,18000.00,GU2345F,3,En Vuelo
542,Gene,Molina,15000.00,GU2345F,3,En Vuelo
543,Margeaux,Vega,18000.00,GU2345F,3,En Vuelo
544,Prisca,Campos,18000.00,GU2345F,3,En Vuelo
545,Domini,Sandoval,18000.00,GU2345F,3,En Vuelo
546,Henrie,Orellana,50000.00,GU2345F,3,En Vuelo
547,Marj,Cardenas,18000.00,GU2345F,3,En Vuelo
548,Mab,Olivares,25000.00,GU2345F,3,En Vuelo
549,Josiah,Alarcamn,12000.00,GU2345F,3,En Vuelo
550,Mathe,Gallardo,12000.00,GU2345F,3,En Vuelo
551,Gauthier,Ortiz,12000.00,GU2345F,3,En Vuelo
552,Delmore,Garrido,33000.00,GU2345F,3,En Vuelo
553,Lynett,Salazar,37000.00,GU2345F,3,En Vuelo
554,Lucais,Guzman,42000.00,GU2345F,3,En Vuelo
555,Clarice,Henraquez,33000.00,GU2345F,3,En Vuelo
556,Aeriela,Saavedra,37000.00,GU2345F,3,En Vuelo
557,Babbie,Navarro,15000.00,GU2345F,3,En Vuelo
558,Caren,Aguilera,15000.00,GU2345F,3,En Vuelo
559,Jessamine,Parra,18000.00,GU2345F,3,En Vuelo
560,Hesther,Romero,15000.00,GU2345F,3,En Vuelo
561,Sasha,Aravena,15000.00,GU2345F,3,En Vuelo
562,Erica,Vargas,10000.00,GU2345F,3,En Vuelo
563,Keith,Vazquez,10000.00,GU2345F,3,En Vuelo
564,Briney,Caceres,12000.00,GU2345F,3,En Vuelo
565,Rutherford,Yaanez,15000.00,GU2345F,3,En Vuelo
566,Lemmie,Leiva,18000.00,GU2345F,3,En Vuelo
567,Dur,Escobar,25000.00,GU2345F,3,En Vuelo
568,Modesta,Ruiz,33000.00,GU2345F,3,En Vuelo
569,Carter,Valdas,33000.00,GU2345F,3,En Vuelo
570,Retha,Vidal,15000.00,GU2345F,3,En Vuelo
571,Carma,Salinas,33000.00,GU2345F,3,En Vuelo
572,Antonella,Zaaniga,15000.00,GU2345F,3,En Vuelo
573,Sutherlan,Peana,10000.00,GU2345F,3,En Vuelo
574,Phillipe,Godoy,37000.00,GU2345F,3,En Vuelo
575,Florida,Lagos,37000.00,HY4567D,1,Demorado
576,Corrina,Maldonado,15000.00,HY4567D,1,Demorado
577,Adrianne,Bustos,10000.00,HY4567D,1,Demorado
578,Scarlett,Medina,20000.00,HY4567D,1,Demorado
579,Shel,Pino,25000.00,HY4567D,1,Demorado
580,Delaney,Palma,50000.00,HY4567D,1,Demorado
581,Tiphani,Moreno,33000.00,HY4567D,1,Demorado
582,Grier,Sanhueza,42000.00,HY4567D,1,Demorado
583,Annabell,Carvajal,15000.00,HY4567D,1,Demorado
584,Basil,Navarrete,12000.00,HY4567D,1,Demorado
585,Horatius,Saez,18000.00,HY4567D,1,Demorado
586,Umeko,Alvarado,30000.00,HY4567D,1,Demorado
587,Hayes,Donoso,10000.00,HY4567D,1,Demorado
588,Lynnette,Poblete,37000.00,HY4567D,1,Demorado
589,Hesther,Bustamante,33000.00,HY4567D,1,Demorado
590,Trumaine,Toro,15000.00,HY4567D,1,Demorado
591,Emlyn,Ortega,50000.00,HY4567D,1,Demorado
592,Corabelle,Venegas,37000.00,HY4567D,1,Demorado
593,Vic,Guerrero,25000.00,HY4567D,1,Demorado
594,Cyndia,Mendoza,33000.00,HY4567D,1,Demorado
595,Gray,Faraas,42000.00,HY4567D,1,Demorado
596,Dylan,San Martan,30000.00,HY4567D,1,Demorado
597,Isabelle,Gonzalez,20000.00,HY4567D,1,Demorado
598,Eachelle,Fernandez,37000.00,HY4567D,1,Demorado
599,Howard,Rodraguez,18000.00,HY4567D,1,Demorado
600,Cornall,Lampez,18000.00,HY4567D,1,Demorado
601,Emmalee,Martanez,18000.00,HY4567D,1,Demorado
602,Brian,Sanchez,20000.00,HY4567D,1,Demorado
603,Cahra,Parez,50000.00,HY4567D,2,Demorado
604,Arvin,Gammez,50000.00,HY4567D,2,Demorado
605,Minda,Martan,15000.00,HY4567D,2,Demorado
606,Dedie,Jimanez,33000.00,HY4567D,2,Demorado
607,Lydia,Ruiz,15000.00,HY4567D,2,Demorado
608,Joshia,Hernandez,25000.00,HY4567D,2,Demorado
609,Bernita,Daaz,15000.00,HY4567D,2,Demorado
610,Sayre,Moreno,33000.00,HY4567D,2,Demorado
611,Pearla,Gonzalez,20000.00,HY4567D,2,Demorado
612,Fidole,Muanoz,30000.00,HY4567D,2,Demorado
613,Evin,Romero,12000.00,HY4567D,2,Demorado
614,Fredia,Alonso,20000.00,HY4567D,2,Demorado
615,Idalina,Gutiarrez,50000.00,HY4567D,2,Demorado
616,Hetti,Navarro,30000.00,HY4567D,2,Demorado
617,Kirk,Torres,30000.00,HY4567D,2,Demorado
618,Orson,Domanguez,25000.00,HY4567D,2,Demorado
619,Lyndsay,Vazquez,42000.00,HY4567D,2,Demorado
620,Lissy,Ramos,37000.00,HY4567D,2,Demorado
621,Odessa,Gonzalez,50000.00,HY4567D,2,Demorado
622,Hestia,Muanoz,18000.00,HY4567D,2,Demorado
623,Dorotea,Rojas,10000.00,HY4567D,2,Demorado
624,Giraud,Daaz,15000.00,HY4567D,2,Demorado
625,Tonya,Parez,37000.00,HY4567D,2,Demorado
626,Menard,Soto,37000.00,HY4567D,2,Demorado
627,Nicola,Contreras,12000.00,HY4567D,2,Demorado
628,Maddy,Silva,25000.00,HY4567D,2,Demorado
629,Mace,Martanez,18000.00,HY4567D,2,Demorado
630,Lyndy,Sepalveda,37000.00,HY4567D,2,Demorado
631,Ivonne,Morales,20000.00,HY4567D,2,Demorado
632,Josepha,Rodraguez,20000.00,HY4567D,3,Demorado
633,Shandra,Lampez,50000.00,HY4567D,3,Demorado
634,Viva,Fuentes,25000.00,HY4567D,3,Demorado
635,Sherwin,Hernandez,10000.00,HY4567D,3,Demorado
636,Abigail,Torres,18000.00,HY4567D,3,Demorado
637,Rosalia,Araya,18000.00,HY4567D,3,Demorado
638,Merissa,Flores,25000.00,HY4567D,3,Demorado
639,Marylee,Espinoza,50000.00,HY4567D,3,Demorado
640,Wolfy,Valenzuela,33000.00,HY4567D,3,Demorado
641,Maia,Castillo,10000.00,HY4567D,3,Demorado
642,Elinor,Tapia,33000.00,HY4567D,3,Demorado
643,Neron,Reyes,42000.00,HY4567D,3,Demorado
644,Malachi,Gutiarrez,25000.00,HY4567D,3,Demorado
645,Sarajane,Castro,10000.00,HY4567D,3,Demorado
646,Arlie,Pizarro,42000.00,HY4567D,3,Demorado
647,Felike,Gonzalez,12000.00,HY4567D,3,Demorado
648,Ethan,Vasquez,12000.00,HY4567D,3,Demorado
649,Ruthy,Sanchez,20000.00,HY4567D,3,Demorado
650,Hugo,Fernandez,30000.00,HY4567D,3,Demorado
651,Thorndike,Ramarez,10000.00,HY4567D,3,Demorado
652,Cesaro,Carrasco,30000.00,HY4567D,3,Demorado
653,Harmonia,Gammez,12000.00,HY4567D,3,Demorado
654,Damara,Cortas,12000.00,HY4567D,3,Demorado
655,Maddy,Herrera,25000.00,HY4567D,3,Demorado
656,Filmer,Naanez,50000.00,HY4567D,3,Demorado
657,Boothe,Jara,12000.00,HY4567D,3,Demorado
658,Dorrie,Vergara,42000.00,HY4567D,3,Demorado
659,Willdon,Rivera,10000.00,HY4567D,3,Demorado
660,Cindi,Figueroa,12000.00,HY4567D,3,Demorado
661,Shermie,Riquelme,12000.00,HY4567D,3,Demorado
662,Byrom,Garcaa,42000.00,HY4567D,3,Demorado
663,Millie,Miranda,15000.00,HY4567D,3,Demorado
664,Natassia,Bravo,42000.00,HY4567D,3,Demorado
665,Wheeler,Vera,25000.00,HY4567D,3,Demorado
666,Caritta,Molina,12000.00,HY4567D,3,Demorado
667,Kennan,Vega,12000.00,HY4567D,3,Demorado
668,Katina,Campos,20000.00,HY4567D,3,Demorado
669,Beverlee,Sandoval,25000.00,HY4567D,3,Demorado
670,Arlette,Orellana,30000.00,HY4567D,3,Demorado
671,Jacqueline,Cardenas,50000.00,HY4567D,3,Demorado
672,Sheilakathryn,Olivares,10000.00,HY4567D,3,Demorado
673,Lambert,Alarcamn,42000.00,HY4567D,3,Demorado
674,Lamont,Gallardo,33000.00,HY4567D,3,Demorado
675,Immanuel,Ortiz,33000.00,HY4567D,3,Demorado
676,Nani,Garrido,50000.00,HY4567D,3,Demorado
677,Galen,Salazar,50000.00,HY4567D,3,Demorado
678,Nilson,Guzman,10000.00,HY4567D,3,Demorado
679,Tomi,Henraquez,50000.00,HY4567D,3,Demorado
680,Flore,Saavedra,30000.00,HY4567D,3,Demorado
681,Burgess,Navarro,12000.00,HY4567D,3,Demorado
682,Tally,Aguilera,42000.00,HY4567D,3,Demorado
683,Jaquenette,Parra,25000.00,HY4567D,3,Demorado
684,Sly,Romero,42000.00,HY4567D,3,Demorado
685,Yul,Aravena,30000.00,HY4567D,3,Demorado
686,Rosalyn,Vargas,37000.00,HY4567D,3,Demorado
687,Devondra,Vazquez,10000.00,HY4567D,3,Demorado
688,Xenos,Caceres,37000.00,HY4567D,3,Demorado
689,Terrence,Yaanez,42000.00,HY4567D,3,Demorado
690,Krystyna,Leiva,50000.00,HY4567D,3,Demorado
691,Krishna,Escobar,50000.00,HY4567D,3,Demorado
692,Zorina,Ruiz,18000.00,HY4567D,3,Demorado
693,Baxy,Valdas,20000.00,HY4567D,3,Demorado
694,Terrie,Vidal,42000.00,HY4567D,3,Demorado
695,Justino,Salinas,18000.00,HY4567D,3,Demorado
696,Erhard,Zaaniga,33000.00,HY4567D,3,Demorado
697,Robbie,Peana,30000.00,HY4567D,3,Demorado
698,Paddie,Godoy,33000.00,HY4567D,3,Demorado
699,Evelyn,Lagos,10000.00,HY4567D,3,Demorado
700,Abbot,Maldonado,33000.00,HY4567D,3,Demorado
701,Tedra,Bustos,33000.00,HY4567D,3,Demorado
702,Rikki,Medina,12000.00,HY4567D,3,Demorado
703,Alverta,Pino,25000.00,HY4567D,3,Demorado
704,Pauly,Palma,30000.00,HY4567D,3,Demorado
705,Ariella,Moreno,12000.00,HY4567D,3,Demorado
706,Lia,Sanhueza,20000.00,HY4567D,3,Demorado
707,Petronille,Carvajal,42000.00,HY4567D,3,Demorado
708,Merle,Navarrete,10000.00,HY4567D,3,Demorado
709,Hagan,Saez,50000.00,HY4567D,3,Demorado
710,Nikolaus,Alvarado,30000.00,HY4567D,3,Demorado
711,Cinda,Donoso,42000.00,HY4567D,3,Demorado
712,Matelda,Poblete,18000.00,HY4567D,3,Demorado
713,Roslyn,Bustamante,25000.00,HY4567D,3,Demorado
714,Jerrylee,Toro,10000.00,HY4567D,3,Demorado
715,Lucky,Ortega,42000.00,IB0800A,3,Aterrizado
716,Elita,Venegas,18000.00,IB0800A,3,Aterrizado
717,Hyacinthia,Guerrero,25000.00,IB0800A,3,Aterrizado
718,Fina,Mendoza,42000.00,IB0800A,3,Aterrizado
719,Kamila,Faraas,42000.00,IB0800A,3,Aterrizado
720,Jennie,San Martan,42000.00,IB0800A,3,Aterrizado
721,Riobard,Gonzalez,42000.00,IB0800A,3,Aterrizado
722,Joannes,Fernandez,10000.00,IB0800A,3,Aterrizado
723,Darlene,Rodraguez,42000.00,IB0800A,3,Aterrizado
724,Zia,Lampez,42000.00,IB0800A,3,Aterrizado
725,Cristina,Martanez,15000.00,IB0800A,3,Aterrizado
726,Jonathon,Sanchez,50000.00,IB0800A,3,Aterrizado
727,Rickie,Parez,42000.00,IB0800A,3,Aterrizado
728,Klara,Gammez,50000.00,IB0800A,3,Aterrizado
729,Osbert,Martan,33000.00,IB0800A,3,Aterrizado
730,Emmet,Jimanez,37000.00,IB0800A,3,Aterrizado
731,Cassandry,Ruiz,33000.00,IB0800A,3,Aterrizado
732,Enrica,Hernandez,18000.00,IB0800A,3,Aterrizado
733,Evvy,Daaz,42000.00,IB0800A,3,Aterrizado
734,Silas,Moreno,20000.00,IB0800A,3,Aterrizado
735,Kaia,Gonzalez,25000.00,IB0800A,3,Aterrizado
736,Arvie,Muanoz,15000.00,IB0800A,3,Aterrizado
737,Keith,Romero,20000.00,FR5678G,1,En Horario
738,Silvie,Alonso,12000.00,FR5678G,1,En Horario
739,Winnifred,Gutiarrez,10000.00,FR5678G,1,En Horario
740,Chen,Navarro,37000.00,FR5678G,1,En Horario
741,Carleton,Torres,15000.00,FR5678G,1,En Horario
742,Silvano,Domanguez,12000.00,FR5678G,1,En Horario
743,Pancho,Vazquez,18000.00,FR5678G,1,En Horario
744,Melonie,Ramos,33000.00,FR5678G,1,En Horario
745,Gordon,Gonzalez,12000.00,FR5678G,1,En Horario
746,Rosemarie,Muanoz,10000.00,FR5678G,1,En Horario
747,Graehme,Rojas,18000.00,FR5678G,1,En Horario
748,Mitchael,Daaz,33000.00,FR5678G,1,En Horario
749,Carola,Parez,10000.00,FR5678G,1,En Horario
750,Zsa zsa,Soto,20000.00,FR5678G,1,En Horario
751,Jude,Contreras,12000.00,FR5678G,1,En Horario
752,Arch,Silva,33000.00,FR5678G,1,En Horario
753,Andrej,Martanez,50000.00,FR5678G,1,En Horario
754,Amber,Sepalveda,42000.00,FR5678G,1,En Horario
755,Dorian,Morales,15000.00,FR5678G,1,En Horario
756,Kaitlynn,Rodraguez,15000.00,FR5678G,1,En Horario
757,Kerianne,Lampez,37000.00,FR5678G,1,En Horario
758,Boycie,Fuentes,18000.00,FR5678G,1,En Horario
759,Nanete,Hernandez,37000.00,FR5678G,1,En Horario
760,Sidonia,Torres,10000.00,FR5678G,1,En Horario
761,Galvan,Araya,33000.00,FR5678G,1,En Horario
762,Lucienne,Flores,25000.00,FR5678G,1,En Horario
763,Davidson,Espinoza,37000.00,FR5678G,1,En Horario
764,Roslyn,Valenzuela,10000.00,FR5678G,1,En Horario
765,Jenny,Castillo,33000.00,FR5678G,2,En Horario
766,Toby,Tapia,20000.00,FR5678G,2,En Horario
767,Brynne,Reyes,18000.00,FR5678G,2,En Horario
768,Blakeley,Gutiarrez,18000.00,FR5678G,2,En Horario
769,Egan,Castro,10000.00,FR5678G,2,En Horario
770,Barbey,Pizarro,20000.00,FR5678G,2,En Horario
771,Portia,Gonzalez,33000.00,FR5678G,2,En Horario
772,Alica,Vasquez,37000.00,FR5678G,2,En Horario
773,Juliana,Sanchez,50000.00,FR5678G,2,En Horario
774,Barde,Fernandez,18000.00,FR5678G,2,En Horario
775,Wilie,Ramarez,30000.00,FR5678G,2,En Horario
776,Letta,Carrasco,10000.00,FR5678G,2,En Horario
777,Ree,Gammez,42000.00,FR5678G,2,En Horario
778,Ingmar,Cortas,18000.00,FR5678G,2,En Horario
779,Melva,Herrera,42000.00,FR5678G,2,En Horario
780,Tootsie,Naanez,25000.00,FR5678G,2,En Horario
781,Felike,Jara,33000.00,FR5678G,2,En Horario
782,Laughton,Vergara,15000.00,FR5678G,2,En Horario
783,Crosby,Rivera,12000.00,FR5678G,2,En Horario
784,Marianne,Figueroa,33000.00,FR5678G,2,En Horario
785,Francine,Riquelme,42000.00,FR5678G,2,En Horario
786,Edan,Garcaa,50000.00,FR5678G,2,En Horario
787,Fayre,Miranda,18000.00,FR5678G,2,En Horario
788,Adelaida,Bravo,37000.00,FR5678G,2,En Horario
789,Florella,Vera,25000.00,FR5678G,2,En Horario
790,Noll,Molina,30000.00,FR5678G,2,En Horario
791,Ki,Vega,42000.00,FR5678G,2,En Horario
792,Jermayne,Campos,33000.00,FR5678G,2,En Horario
793,Grayce,Sandoval,33000.00,FR5678G,2,En Horario
794,Harv,Orellana,42000.00,FR5678G,2,En Horario
795,Lorianna,Cardenas,15000.00,FR5678G,2,En Horario
796,Hersh,Olivares,33000.00,FR5678G,2,En Horario
797,Diahann,Alarcamn,33000.00,FR5678G,2,En Horario
798,Yelena,Gallardo,50000.00,FR5678G,2,En Horario
799,Emmaline,Ortiz,37000.00,FR5678G,2,En Horario
800,Daffi,Garrido,12000.00,FR5678G,2,En Horario
801,Janine,Salazar,50000.00,FR5678G,2,En Horario
802,Sheilah,Guzman,42000.00,FR5678G,2,En Horario
803,Lazaro,Henraquez,10000.00,FR5678G,2,En Horario
804,Earle,Saavedra,30000.00,FR5678G,2,En Horario
805,Fred,Navarro,25000.00,FR5678G,3,En Horario
806,Almira,Aguilera,42000.00,FR5678G,3,En Horario
807,Wini,Parra,37000.00,FR5678G,3,En Horario
808,Emanuel,Romero,30000.00,FR5678G,3,En Horario
809,Obadias,Aravena,10000.00,FR5678G,3,En Horario
810,Efrem,Vargas,20000.00,FR5678G,3,En Horario
811,Susi,Vazquez,18000.00,FR5678G,3,En Horario
812,Maxy,Caceres,15000.00,FR5678G,3,En Horario
813,Agnes,Yaanez,42000.00,FR5678G,3,En Horario
814,Obadiah,Leiva,12000.00,FR5678G,3,En Horario
815,Lefty,Escobar,50000.00,FR5678G,3,En Horario
816,Michele,Ruiz,42000.00,FR5678G,3,En Horario
817,Cynthia,Valdas,25000.00,FR5678G,3,En Horario
818,Hyatt,Vidal,20000.00,FR5678G,3,En Horario
819,Roch,Salinas,33000.00,FR5678G,3,En Horario
820,Mag,Zaaniga,12000.00,FR5678G,3,En Horario
821,Trevor,Peana,10000.00,FR5678G,3,En Horario
822,Jefferey,Godoy,10000.00,FR5678G,3,En Horario
823,Tania,Lagos,42000.00,FR5678G,3,En Horario
824,Mercie,Maldonado,42000.00,FR5678G,3,En Horario
825,Andrei,Bustos,10000.00,FR5678G,3,En Horario
826,Yetta,Medina,25000.00,FR5678G,3,En Horario
827,Angeli,Pino,20000.00,FR5678G,3,En Horario
828,Norbert,Palma,20000.00,FR5678G,3,En Horario
829,Conan,Moreno,20000.00,FR5678G,3,En Horario
830,Cale,Sanhueza,50000.00,FR5678G,3,En Horario
831,Christina,Carvajal,37000.00,FR5678G,3,En Horario
832,Olivier,Navarrete,20000.00,FR5678G,3,En Horario
833,Oby,Saez,12000.00,FR5678G,3,En Horario
834,Chad,Alvarado,15000.00,FR5678G,3,En Horario
835,Adelle,Donoso,10000.00,FR5678G,3,En Horario
836,Keene,Poblete,25000.00,FR5678G,3,En Horario
837,Corrina,Bustamante,50000.00,FR5678G,3,En Horario
838,Hashim,Toro,50000.00,FR5678G,3,En Horario
839,Oralia,Ortega,10000.00,FR5678G,3,En Horario
840,Wadsworth,Venegas,30000.00,FR5678G,3,En Horario
841,Shelley,Guerrero,15000.00,FR5678G,3,En Horario
842,Irv,Mendoza,15000.00,FR5678G,3,En Horario
843,Grant,Faraas,33000.00,FR5678G,3,En Horario
844,Bella,San Martan,18000.00,FR5678G,3,En Horario
845,Yardley,Gonzalez,50000.00,FR5678G,3,En Horario
846,Brendin,Fernandez,10000.00,FR5678G,3,En Horario
847,Estella,Rodraguez,42000.00,FR5678G,3,En Horario
848,Rasia,Lampez,37000.00,FR5678G,3,En Horario
849,Gibb,Martanez,20000.00,FR5678G,3,En Horario
850,Amanda,Sanchez,37000.00,FR5678G,3,En Horario
851,Sidoney,Parez,20000.00,FR5678G,3,En Horario
852,Giacopo,Gammez,18000.00,FR5678G,3,En Horario
853,Eve,Martan,12000.00,FR5678G,3,En Horario
854,Levon,Jimanez,25000.00,FR5678G,3,En Horario
855,Vassili,Ruiz,33000.00,FR5678G,3,En Horario
856,Henrieta,Hernandez,30000.00,FR5678G,3,En Horario
857,Devlen,Daaz,37000.00,FR5678G,3,En Horario
858,Ophelie,Moreno,37000.00,FR5678G,3,En Horario
859,Abramo,Gonzalez,37000.00,FR5678G,3,En Horario
860,Fair,Muanoz,37000.00,FR5678G,3,En Horario
861,Pietrek,Romero,25000.00,FR5678G,3,En Horario
862,Holden,Alonso,50000.00,FR5678G,3,En Horario
863,Cherish,Gutiarrez,42000.00,FR5678G,3,En Horario
864,Alonzo,Navarro,12000.00,FR5678G,3,En Horario
865,Devonna,Torres,18000.00,FR5678G,3,En Horario
866,Rubi,Domanguez,18000.00,FR5678G,3,En Horario
867,Emmanuel,Vazquez,30000.00,FR5678G,3,En Horario
868,Trumaine,Ramos,42000.00,FR5678G,3,En Horario
869,Malory,Gonzalez,42000.00,FR5678G,3,En Horario
870,Pearla,Muanoz,33000.00,FR5678G,3,En Horario
871,Phelia,Rojas,33000.00,FR5678G,3,En Horario
872,Madonna,Daaz,10000.00,FR5678G,3,En Horario
873,Thomasa,Parez,18000.00,FR5678G,3,En Horario
874,Estella,Soto,20000.00,FR5678G,3,En Horario
875,Saw,Contreras,15000.00,FR5678G,3,En Horario
876,Cecil,Silva,37000.00,FR5678G,3,En Horario
877,Mac,Martanez,25000.00,FR5678G,3,En Horario
878,Ralf,Sepalveda,12000.00,FR5678G,3,En Horario
879,Barbey,Morales,12000.00,FR5678G,3,En Horario
880,Josi,Rodraguez,18000.00,FR5678G,3,En Horario
881,Kenna,Lampez,25000.00,FR5678G,3,En Horario
882,Rina,Fuentes,25000.00,FR5678G,3,En Horario
883,Callida,Hernandez,33000.00,FR5678G,3,En Horario
884,Lona,Torres,30000.00,FR5678G,3,En Horario
885,Jan,Araya,18000.00,FR5678G,3,En Horario
886,Bailey,Flores,30000.00,FR5678G,3,En Horario
887,Guillermo,Espinoza,42000.00,FR5678G,3,En Horario
888,Katlin,Valenzuela,25000.00,FR5678G,3,En Horario
889,Flo,Castillo,42000.00,FR5678G,3,En Horario
890,Madel,Tapia,12000.00,FR5678G,3,En Horario
891,Conant,Reyes,37000.00,FR5678G,3,En Horario
892,Devland,Gutiarrez,10000.00,FR5678G,3,En Horario
893,Annamarie,Castro,20000.00,FR5678G,3,En Horario
894,Gabbie,Pizarro,42000.00,FR5678G,3,En Horario
895,Frasquito,Gonzalez,15000.00,FR5678G,3,En Horario
896,Oberon,Vasquez,15000.00,FR5678G,3,En Horario
897,Gabriell,Sanchez,10000.00,FR5678G,3,En Horario
898,Ki,Fernandez,30000.00,BR3456J,1,Demorado
899,Martelle,Ramarez,15000.00,BR3456J,1,Demorado
900,Riccardo,Carrasco,42000.00,BR3456J,1,Demorado
901,Shaughn,Gammez,50000.00,BR3456J,1,Demorado
902,Coral,Cortas,18000.00,BR3456J,1,Demorado
903,Judas,Herrera,10000.00,BR3456J,1,Demorado
904,Josiah,Naanez,12000.00,BR3456J,1,Demorado
905,Freda,Jara,42000.00,BR3456J,1,Demorado
906,Lynn,Vergara,37000.00,BR3456J,2,Demorado
907,Tabb,Rivera,50000.00,BR3456J,2,Demorado
908,Brittany,Figueroa,18000.00,MM0987B,3,En Horario
909,Leo,Riquelme,42000.00,MM0987B,3,En Horario
910,Atlante,Garcaa,33000.00,MM0987B,3,En Horario
911,Maurie,Miranda,50000.00,MM0987B,3,En Horario
912,Oren,Bravo,20000.00,MM0987B,3,En Horario
913,Anetta,Vera,10000.00,MM0987B,3,En Horario
914,Curry,Molina,20000.00,MM0987B,3,En Horario
915,Tyrone,Vega,15000.00,MM0987B,3,En Horario
916,Saunder,Campos,37000.00,MM0987B,3,En Horario
917,Luis,Sandoval,12000.00,MM0987B,3,En Horario
918,Alysia,Orellana,37000.00,MM0987B,3,En Horario
919,Calypso,Cardenas,12000.00,BR3456J,2,Demorado
920,Gretna,Olivares,42000.00,BR3456J,2,Demorado
921,Odie,Alarcamn,20000.00,BR3456J,2,Demorado
922,Wenda,Gallardo,12000.00,BR3456J,2,Demorado
923,Ezekiel,Ortiz,20000.00,BR3456J,2,Demorado
924,Orlan,Garrido,25000.00,BR3456J,2,Demorado
925,Wittie,Salazar,37000.00,BR3456J,2,Demorado
926,Abbie,Guzman,18000.00,BR3456J,3,Demorado
927,Robinia,Henraquez,10000.00,BR3456J,3,Demorado
928,Hayden,Saavedra,30000.00,BR3456J,3,Demorado
929,Melody,Navarro,20000.00,BR3456J,3,Demorado
930,Emory,Aguilera,37000.00,BR3456J,3,Demorado
931,Callie,Parra,10000.00,BR3456J,3,Demorado
932,Debby,Romero,18000.00,IB0800A,3,Aterrizado
933,Gui,Aravena,20000.00,IB0800A,3,Aterrizado
934,Dorette,Vargas,37000.00,IB0800A,3,Aterrizado
935,Jillane,Vazquez,37000.00,IB0800A,3,Aterrizado
936,Carolina,Caceres,33000.00,IB0800A,3,Aterrizado
937,Randy,Yaanez,15000.00,IB0800A,3,Aterrizado
938,Arabel,Leiva,50000.00,IB0800A,3,Aterrizado
939,Verina,Escobar,37000.00,IB0800A,3,Aterrizado
940,Josefina,Ruiz,30000.00,IB0800A,3,Aterrizado
941,Nina,Valdas,25000.00,IB0800A,3,Aterrizado
942,Vernen,Vidal,18000.00,IB0800A,3,Aterrizado
943,Loria,Salinas,25000.00,IB0800A,3,Aterrizado
944,Isabeau,Zaaniga,37000.00,BA2491A,3,Aterrizado
945,Cherice,Peana,15000.00,BR3456J,3,Demorado
946,Kimberley,Godoy,18000.00,BR3456J,3,Demorado
947,Martyn,Lagos,25000.00,BR3456J,3,Demorado
948,Agustin,Maldonado,25000.00,BR3456J,3,Demorado
949,Clerissa,Bustos,15000.00,BR3456J,3,Demorado
950,Lonna,Medina,10000.00,BR3456J,3,Demorado
951,Wake,Pino,25000.00,BR3456J,3,Demorado
952,Edwina,Palma,42000.00,MM0987B,3,En Horario
953,Lacey,Moreno,50000.00,MM0987B,3,En Horario
954,Laetitia,Sanhueza,33000.00,MM0987B,3,En Horario
955,Delila,Carvajal,20000.00,MM0987B,3,En Horario
956,Sioux,Navarrete,12000.00,MM0987B,3,En Horario
957,Floyd,Saez,15000.00,MM0987B,3,En Horario
958,Trista,Alvarado,50000.00,BR3456J,3,Demorado
959,Shaughn,Donoso,15000.00,BR3456J,3,Demorado
960,Zitella,Poblete,42000.00,BR3456J,3,Demorado
961,Ginnie,Bustamante,15000.00,BR3456J,3,Demorado
962,Burty,Toro,12000.00,BR3456J,3,Demorado
963,Arley,Ortega,33000.00,BR3456J,3,Demorado
964,Ansley,Venegas,37000.00,BR3456J,3,Demorado
965,Kirstin,Guerrero,12000.00,BR3456J,3,Demorado
966,Karon,Mendoza,10000.00,BR3456J,3,Demorado
967,Esme,Faraas,37000.00,BR3456J,3,Demorado
968,Berenice,San Martan,10000.00,IB0800A,3,Aterrizado
969,Charlie,Gonzalez,50000.00,IB0800A,3,Aterrizado
970,Noach,Fernandez,12000.00,IB0800A,3,Aterrizado
971,Mercedes,Rodraguez,12000.00,IB0800A,3,Aterrizado
972,Sloan,Lampez,42000.00,IB0800A,3,Aterrizado
973,Guglielma,Martanez,15000.00,IB0800A,3,Aterrizado
974,Herrick,Sanchez,30000.00,IB0800A,3,Aterrizado
975,Aleksandr,Parez,42000.00,IB0800A,3,Aterrizado
976,Arlina,Gammez,33000.00,IB0800A,3,Aterrizado
977,Wenonah,Martan,12000.00,IB0800A,3,Aterrizado
978,Warner,Jimanez,30000.00,IB0800A,3,Aterrizado
979,Libbey,Ruiz,42000.00,BA2491A,3,Aterrizado
980,Brana,Hernandez,10000.00,BA2491A,3,Aterrizado
981,Genevieve,Daaz,20000.00,BA2491A,3,Aterrizado
982,Sharai,Moreno,10000.00,BA2491A,3,Aterrizado
983,Josi,Gonzalez,12000.00,BA2491A,3,Aterrizado
984,Pebrook,Muanoz,33000.00,BA2491A,3,Aterrizado
985,Erna,Romero,33000.00,BA2491A,3,Aterrizado
986,Ferd,Alonso,25000.00,BA2491A,3,Aterrizado
987,Mohammed,Gutiarrez,42000.00,BA2491A,3,Aterrizado
988,Dawn,Navarro,37000.00,BA2491A,3,Aterrizado
989,Wandie,Torres,25000.00,BA2491A,3,Aterrizado
990,Chiarra,Domanguez,18000.00,MM0987B,3,En Horario
991,Zaccaria,Vazquez,33000.00,MM0987B,3,En Horario
992,Trenna,Ramos,10000.00,MM0987B,3,En Horario
993,Angelia,Moreno,50000.00,MM0987B,3,En Horario
994,Raquela,Gonzalez,12000.00,MM0987B,3,En Horario
995,Maxi,Muanoz,18000.00,MM0987B,3,En Horario
996,Atalanta,Romero,37000.00,MM0987B,3,En Horario
997,De witt,Alonso,12000.00,MM0987B,3,En Horario
998,Jaye,Gutiarrez,25000.00,MM0987B,3,En Horario
999,Tamarra,Navarro,15000.00,MM0987B,3,En Horario
1000,Saleem,Torres,20000.00,MM0987B,3,En Horario
